opposingHand,winningChance,drawChance,lostChance
DIAMONDS FIVE HEARTS SIX
HEARTS SEVEN SPADES THREE,0.404,0.1068,0.4892
SPADES SIX HEARTS ACE,0.2776,0.0264,0.696
HEARTS THREE CLUBS SIX,0.3412,0.4478,0.211
CLUBS FIVE DIAMONDS ACE,0.2636,0.0214,0.715
SPADES ACE SPADES SEVEN,0.3552,0.004,0.6408
HEARTS FOUR CLUBS ACE,0.4156,0.0058,0.5786
CLUBS NINE HEARTS FOUR,0.4202,0.0396,0.5402
HEARTS QUEEN DIAMONDS FOUR,0.4046,0.014,0.5814
SPADES ACE SPADES THREE,0.4022,0.0062,0.5916
SPADES THREE HEARTS JACK,0.4232,0.019,0.5578
DIAMONDS ACE CLUBS QUEEN,0.3718,0.0044,0.6238
SPADES KING HEARTS JACK,0.3666,0.0072,0.6262
CLUBS TEN SPADES QUEEN,0.364,0.009,0.627
DIAMONDS ACE DIAMONDS SEVEN,0.3556,0.0052,0.6392
HEARTS TWO CLUBS ACE,0.4218,0.0044,0.5738
CLUBS NINE CLUBS FIVE,0.2526,0.101,0.6464
HEARTS EIGHT SPADES FIVE,0.2484,0.1518,0.5998
DIAMONDS SEVEN DIAMONDS FOUR,0.3814,0.0886,0.53
SPADES FIVE DIAMONDS TEN,0.2856,0.0774,0.637
CLUBS TEN HEARTS KING,0.3712,0.0056,0.6232
CLUBS SEVEN DIAMONDS JACK,0.3702,0.0184,0.6114
SPADES FOUR HEARTS ACE,0.4096,0.0044,0.586
SPADES THREE SPADES TWO,0.4936,0.1462,0.3602
DIAMONDS TWO SPADES THREE,0.541,0.1516,0.3074
CLUBS TWO HEARTS KING,0.4302,0.0082,0.5616
SPADES FIVE DIAMONDS SIX,0.0112,0.9712,0.0176
DIAMONDS TEN CLUBS ACE,0.3606,0.0052,0.6342
CLUBS SIX DIAMONDS TEN,0.2682,0.077,0.6548
DIAMONDS TWO HEARTS ACE,0.4082,0.0072,0.5846
SPADES ACE DIAMONDS TWO,0.4226,0.003,0.5744
HEARTS ACE HEARTS JACK,0.3468,0.0038,0.6494
DIAMONDS THREE SPADES SEVEN,0.4132,0.1066,0.4802
CLUBS TWO CLUBS KING,0.4042,0.0092,0.5866
SPADES JACK DIAMONDS SIX,0.2816,0.0682,0.6502
CLUBS JACK CLUBS SEVEN,0.3426,0.0172,0.6402
SPADES SIX DIAMONDS SIX,0.125,0.1166,0.7584
CLUBS SIX CLUBS THREE,0.3286,0.4124,0.259
SPADES FOUR DIAMONDS EIGHT,0.4156,0.068,0.5164
CLUBS TWO DIAMONDS FOUR,0.5408,0.1648,0.2944
HEARTS SEVEN CLUBS FIVE,0.2382,0.1942,0.5676
DIAMONDS KING DIAMONDS QUEEN,0.3506,0.0064,0.643
HEARTS TWO SPADES SEVEN,0.4438,0.1072,0.449
SPADES ACE CLUBS KING,0.3666,0.0028,0.6306
HEARTS FIVE HEARTS TEN,0.2766,0.0698,0.6536
HEARTS FIVE DIAMONDS QUEEN,0.2836,0.0506,0.6658
SPADES ACE CLUBS SIX,0.282,0.0254,0.6926
CLUBS EIGHT SPADES FIVE,0.262,0.1386,0.5994
DIAMONDS TWO CLUBS SEVEN,0.439,0.1084,0.4526
SPADES FIVE HEARTS JACK,0.2886,0.0536,0.6578
SPADES KING CLUBS FIVE,0.2932,0.0302,0.6766
HEARTS THREE DIAMONDS SIX,0.3352,0.4594,0.2054
CLUBS FOUR HEARTS QUEEN,0.4126,0.0138,0.5736
SPADES NINE DIAMONDS FOUR,0.4256,0.047,0.5274
CLUBS JACK CLUBS FIVE,0.2792,0.056,0.6648
SPADES ACE DIAMONDS SIX,0.281,0.0256,0.6934
HEARTS FIVE HEARTS JACK,0.2724,0.0564,0.6712
CLUBS THREE DIAMONDS EIGHT,0.4254,0.0684,0.5062
DIAMONDS JACK HEARTS ACE,0.3496,0.0038,0.6466
HEARTS FOUR HEARTS TEN,0.3834,0.0252,0.5914
SPADES FOUR DIAMONDS SIX,0.322,0.454,0.224
CLUBS SEVEN SPADES THREE,0.4244,0.1024,0.4732
DIAMONDS JACK DIAMONDS SEVEN,0.352,0.0184,0.6296
SPADES EIGHT HEARTS JACK,0.3722,0.0166,0.6112
CLUBS TEN HEARTS FIVE,0.2938,0.076,0.6302
DIAMONDS NINE CLUBS KING,0.357,0.0066,0.6364
SPADES JACK CLUBS ACE,0.3706,0.0048,0.6246
SPADES TEN SPADES FIVE,0.2736,0.0706,0.6558
HEARTS FOUR DIAMONDS KING,0.4186,0.0114,0.57
CLUBS FOUR CLUBS TWO,0.503,0.1446,0.3524
HEARTS QUEEN HEARTS JACK,0.3368,0.0112,0.652
SPADES FIVE CLUBS QUEEN,0.2986,0.047,0.6544
DIAMONDS SEVEN HEARTS NINE,0.3434,0.0414,0.6152
HEARTS JACK DIAMONDS FOUR,0.4228,0.0224,0.5548
DIAMONDS TWO CLUBS NINE,0.4334,0.0446,0.522
SPADES SIX DIAMONDS TEN,0.2758,0.0792,0.645
CLUBS TEN CLUBS SEVEN,0.3368,0.0232,0.64
SPADES KING SPADES SIX,0.2732,0.0328,0.694
SPADES SEVEN CLUBS QUEEN,0.3764,0.009,0.6146
CLUBS ACE DIAMONDS SIX,0.2828,0.0212,0.696
CLUBS TEN SPADES FIVE,0.287,0.0768,0.6362
SPADES EIGHT DIAMONDS TEN,0.3628,0.0284,0.6088
SPADES SIX HEARTS QUEEN,0.286,0.0502,0.6638
CLUBS ACE CLUBS QUEEN,0.3528,0.0048,0.6424
HEARTS ACE DIAMONDS NINE,0.3558,0.0062,0.638
SPADES JACK CLUBS THREE,0.433,0.0198,0.5472
DIAMONDS TWO SPADES SIX,0.3468,0.4506,0.2026
SPADES ACE SPADES TWO,0.3918,0.0052,0.603
HEARTS THREE HEARTS QUEEN,0.4064,0.0122,0.5814
CLUBS TEN HEARTS SEVEN,0.3594,0.0258,0.6148
SPADES ACE HEARTS ACE,0.1914,0.0042,0.8044
HEARTS SEVEN SPADES JACK,0.3614,0.0226,0.616
HEARTS THREE CLUBS FIVE,0.5,0.2664,0.2336
SPADES EIGHT SPADES THREE,0.394,0.0664,0.5396
CLUBS TEN CLUBS ACE,0.3488,0.0034,0.6478
HEARTS KING CLUBS ACE,0.3688,0.005,0.6262
HEARTS FOUR HEARTS JACK,0.4038,0.0192,0.577
SPADES EIGHT CLUBS FIVE,0.2728,0.138,0.5892
CLUBS TEN HEARTS TEN,0.1904,0.061,0.7486
SPADES EIGHT HEARTS NINE,0.352,0.043,0.605
DIAMONDS TEN HEARTS TEN,0.174,0.0674,0.7586
HEARTS THREE SPADES FIVE,0.4824,0.2742,0.2434
SPADES SIX DIAMONDS JACK,0.2798,0.0604,0.6598
SPADES SEVEN CLUBS TWO,0.4274,0.1088,0.4638
DIAMONDS JACK DIAMONDS TEN,0.3298,0.0156,0.6546
SPADES SEVEN CLUBS FOUR,0.404,0.0984,0.4976
CLUBS JACK DIAMONDS SEVEN,0.3656,0.018,0.6164
DIAMONDS JACK HEARTS NINE,0.3574,0.0162,0.6264
CLUBS TEN SPADES FOUR,0.4152,0.0306,0.5542
CLUBS FOUR DIAMONDS QUEEN,0.4132,0.0108,0.576
SPADES FOUR HEARTS TEN,0.411,0.026,0.563
DIAMONDS QUEEN DIAMONDS EIGHT,0.3546,0.0126,0.6328
HEARTS KING DIAMONDS NINE,0.376,0.008,0.616
DIAMONDS TEN DIAMONDS NINE,0.3396,0.0222,0.6382
HEARTS KING DIAMONDS SIX,0.2748,0.039,0.6862
HEARTS EIGHT CLUBS ACE,0.3608,0.003,0.6362
SPADES EIGHT CLUBS KING,0.3756,0.0092,0.6152
SPADES TEN DIAMONDS TEN,0.182,0.0634,0.7546
DIAMONDS TWO DIAMONDS KING,0.4086,0.0104,0.581
SPADES NINE HEARTS ACE,0.3628,0.0032,0.634
CLUBS TWO DIAMONDS JACK,0.4186,0.0194,0.562
SPADES FOUR CLUBS KING,0.4352,0.0088,0.556
SPADES SEVEN DIAMONDS KING,0.3686,0.0102,0.6212
HEARTS EIGHT DIAMONDS QUEEN,0.3664,0.0138,0.6198
HEARTS EIGHT HEARTS FOUR,0.3906,0.064,0.5454
CLUBS SEVEN DIAMONDS QUEEN,0.3768,0.012,0.6112
CLUBS SIX DIAMONDS EIGHT,0.2506,0.152,0.5974
HEARTS THREE SPADES TWO,0.5472,0.1524,0.3004
SPADES ACE DIAMONDS QUEEN,0.3724,0.0048,0.6228
SPADES TWO DIAMONDS SIX,0.3396,0.4456,0.2148
DIAMONDS SEVEN CLUBS KING,0.377,0.007,0.616
HEARTS FIVE HEARTS TWO,0.4772,0.2554,0.2674
DIAMONDS ACE DIAMONDS NINE,0.34,0.006,0.654
CLUBS SEVEN CLUBS FIVE,0.2194,0.1852,0.5954
HEARTS THREE CLUBS TWO,0.5388,0.1502,0.311
DIAMONDS QUEEN HEARTS JACK,0.3582,0.0104,0.6314
CLUBS SEVEN HEARTS TEN,0.35,0.0266,0.6234
SPADES KING SPADES JACK,0.351,0.0084,0.6406
HEARTS JACK CLUBS QUEEN,0.3568,0.0084,0.6348
HEARTS SEVEN DIAMONDS KING,0.3578,0.0082,0.634
CLUBS FIVE CLUBS QUEEN,0.2674,0.0474,0.6852
HEARTS THREE CLUBS THREE,0.368,0.135,0.497
CLUBS THREE DIAMONDS FOUR,0.528,0.1556,0.3164
CLUBS SIX HEARTS JACK,0.2818,0.062,0.6562
CLUBS JACK DIAMONDS JACK,0.1814,0.0492,0.7694
SPADES TEN SPADES NINE,0.3258,0.0248,0.6494
CLUBS EIGHT DIAMONDS JACK,0.3726,0.015,0.6124
HEARTS TEN DIAMONDS SIX,0.2584,0.081,0.6606
CLUBS FIVE HEARTS KING,0.2796,0.0338,0.6866
DIAMONDS THREE HEARTS FOUR,0.5262,0.1548,0.319
DIAMONDS TWO SPADES QUEEN,0.4298,0.0156,0.5546
HEARTS FIVE SPADES NINE,0.2708,0.1078,0.6214
SPADES ACE DIAMONDS THREE,0.4086,0.0054,0.586
SPADES KING HEARTS TEN,0.3766,0.0064,0.617
CLUBS ACE DIAMONDS FOUR,0.4028,0.006,0.5912
CLUBS TEN DIAMONDS TEN,0.176,0.0662,0.7578
SPADES QUEEN CLUBS SIX,0.288,0.0486,0.6634
SPADES JACK DIAMONDS ACE,0.356,0.0042,0.6398
HEARTS SEVEN SPADES TWO,0.4182,0.1052,0.4766
CLUBS JACK HEARTS FOUR,0.419,0.0218,0.5592
SPADES SIX HEARTS NINE,0.2644,0.1066,0.629
SPADES JACK DIAMONDS JACK,0.191,0.0468,0.7622
HEARTS KING HEARTS QUEEN,0.3574,0.0084,0.6342
CLUBS TEN HEARTS NINE,0.342,0.0242,0.6338
DIAMONDS QUEEN DIAMONDS JACK,0.3524,0.0104,0.6372
SPADES KING SPADES TEN,0.3432,0.009,0.6478
CLUBS SEVEN DIAMONDS EIGHT,0.3382,0.0604,0.6014
CLUBS FIVE CLUBS THREE,0.4702,0.2546,0.2752
SPADES THREE CLUBS ACE,0.3972,0.0048,0.598
CLUBS SIX DIAMONDS FOUR,0.3314,0.4504,0.2182
SPADES ACE DIAMONDS ACE,0.176,0.004,0.82
CLUBS EIGHT SPADES TEN,0.3576,0.0228,0.6196
DIAMONDS QUEEN HEARTS QUEEN,0.173,0.03,0.797
SPADES TEN SPADES EIGHT,0.3302,0.0236,0.6462
DIAMONDS JACK SPADES TWO,0.4284,0.02,0.5516
HEARTS EIGHT DIAMONDS EIGHT,0.1524,0.0904,0.7572
SPADES FIVE HEARTS TEN,0.2848,0.0738,0.6414
DIAMONDS SIX HEARTS NINE,0.2606,0.107,0.6324
CLUBS JACK HEARTS QUEEN,0.3734,0.012,0.6146
DIAMONDS KING DIAMONDS EIGHT,0.344,0.0092,0.6468
SPADES NINE CLUBS ACE,0.3764,0.003,0.6206
HEARTS EIGHT HEARTS SEVEN,0.3206,0.0532,0.6262
SPADES FIVE SPADES FOUR,0.4672,0.2554,0.2774
SPADES SIX SPADES FIVE,0.02,0.9064,0.0736
DIAMONDS TWO SPADES FIVE,0.4944,0.2692,0.2364
DIAMONDS TWO DIAMONDS TEN,0.4106,0.0266,0.5628
SPADES EIGHT HEARTS QUEEN,0.3904,0.0118,0.5978
CLUBS NINE DIAMONDS SIX,0.2754,0.1104,0.6142
SPADES JACK HEARTS THREE,0.4306,0.0238,0.5456
SPADES FIVE CLUBS TWO,0.4924,0.261,0.2466
HEARTS QUEEN DIAMONDS SIX,0.269,0.0554,0.6756
DIAMONDS SEVEN HEARTS TEN,0.3488,0.03,0.6212
CLUBS ACE HEARTS NINE,0.3692,0.0056,0.6252
DIAMONDS THREE HEARTS TEN,0.4206,0.0352,0.5442
SPADES TWO CLUBS QUEEN,0.431,0.017,0.552
SPADES THREE HEARTS NINE,0.437,0.0428,0.5202
SPADES KING CLUBS TWO,0.4306,0.0072,0.5622
SPADES ACE DIAMONDS EIGHT,0.3668,0.0036,0.6296
CLUBS EIGHT DIAMONDS KING,0.3738,0.0072,0.619
SPADES TEN DIAMONDS NINE,0.351,0.0282,0.6208
DIAMONDS ACE DIAMONDS QUEEN,0.358,0.005,0.637
CLUBS TEN SPADES SEVEN,0.3726,0.0268,0.6006
DIAMONDS THREE SPADES TEN,0.431,0.0306,0.5384
CLUBS EIGHT DIAMONDS TEN,0.3588,0.024,0.6172
SPADES TEN DIAMONDS SEVEN,0.3552,0.0306,0.6142
HEARTS SEVEN CLUBS NINE,0.3404,0.0412,0.6184
DIAMONDS THREE DIAMONDS FOUR,0.5084,0.1468,0.3448
SPADES QUEEN SPADES FIVE,0.2668,0.0422,0.691
HEARTS SEVEN DIAMONDS ACE,0.3656,0.0048,0.6296
DIAMONDS THREE HEARTS NINE,0.4228,0.0466,0.5306
SPADES SEVEN DIAMONDS JACK,0.3652,0.0184,0.6164
SPADES SIX DIAMONDS EIGHT,0.2482,0.1468,0.605
HEARTS SEVEN SPADES QUEEN,0.368,0.0144,0.6176
CLUBS JACK CLUBS ACE,0.3408,0.0032,0.656
DIAMONDS QUEEN SPADES FIVE,0.296,0.042,0.662
CLUBS EIGHT HEARTS JACK,0.3656,0.0184,0.616
HEARTS EIGHT CLUBS SIX,0.2464,0.1478,0.6058
DIAMONDS THREE DIAMONDS TWO,0.5048,0.1468,0.3484
DIAMONDS KING DIAMONDS FOUR,0.4046,0.011,0.5844
SPADES THREE CLUBS QUEEN,0.4192,0.0126,0.5682
CLUBS NINE SPADES EIGHT,0.3488,0.0362,0.615
SPADES JACK SPADES FIVE,0.2546,0.054,0.6914
SPADES SIX DIAMONDS SEVEN,0.2318,0.2084,0.5598
DIAMONDS THREE SPADES TWO,0.5412,0.15,0.3088
HEARTS QUEEN HEARTS TEN,0.3524,0.0118,0.6358
SPADES NINE CLUBS QUEEN,0.3672,0.0118,0.621
SPADES ACE CLUBS SEVEN,0.3686,0.0024,0.629
HEARTS ACE CLUBS QUEEN,0.3674,0.0044,0.6282
CLUBS TEN SPADES EIGHT,0.362,0.0278,0.6102
CLUBS TEN HEARTS FOUR,0.4264,0.0294,0.5442
SPADES JACK HEARTS JACK,0.1824,0.0476,0.77
HEARTS JACK HEARTS TEN,0.3184,0.0142,0.6674
CLUBS SEVEN HEARTS JACK,0.37,0.0172,0.6128
DIAMONDS TWO HEARTS QUEEN,0.4308,0.0144,0.5548
DIAMONDS EIGHT HEARTS JACK,0.3536,0.0236,0.6228
HEARTS FIVE SPADES EIGHT,0.2532,0.139,0.6078
HEARTS FIVE HEARTS NINE,0.2556,0.1096,0.6348
HEARTS SEVEN DIAMONDS NINE,0.356,0.0396,0.6044
SPADES NINE CLUBS SIX,0.2736,0.1098,0.6166
DIAMONDS TWO DIAMONDS EIGHT,0.413,0.0606,0.5264
HEARTS FOUR SPADES EIGHT,0.4072,0.0698,0.523
CLUBS FOUR HEARTS TEN,0.405,0.0298,0.5652
CLUBS NINE SPADES TEN,0.3492,0.0218,0.629
SPADES EIGHT DIAMONDS EIGHT,0.1602,0.0992,0.7406
HEARTS FOUR SPADES TWO,0.5386,0.1532,0.3082
CLUBS JACK DIAMONDS FOUR,0.4226,0.02,0.5574
SPADES KING DIAMONDS QUEEN,0.3746,0.0072,0.6182
CLUBS SEVEN SPADES SEVEN,0.1612,0.1044,0.7344
SPADES EIGHT CLUBS THREE,0.4292,0.0626,0.5082
HEARTS ACE SPADES TWO,0.4224,0.0042,0.5734
SPADES FIVE DIAMONDS FOUR,0.489,0.2796,0.2314
CLUBS FIVE CLUBS FOUR,0.4682,0.2408,0.291
HEARTS FIVE DIAMONDS ACE,0.2642,0.0256,0.7102
SPADES TWO CLUBS ACE,0.4172,0.0044,0.5784
HEARTS SEVEN CLUBS SIX,0.2444,0.2012,0.5544
SPADES QUEEN DIAMONDS JACK,0.3642,0.0082,0.6276
SPADES JACK DIAMONDS FOUR,0.4274,0.0184,0.5542
DIAMONDS KING SPADES TWO,0.4278,0.01,0.5622
HEARTS ACE HEARTS TEN,0.347,0.0042,0.6488
SPADES JACK CLUBS SIX,0.2996,0.061,0.6394
HEARTS KING CLUBS KING,0.1972,0.0202,0.7826
SPADES ACE DIAMONDS NINE,0.3746,0.004,0.6214
SPADES ACE HEARTS JACK,0.3738,0.0038,0.6224
DIAMONDS THREE HEARTS FIVE,0.4972,0.2712,0.2316
CLUBS JACK SPADES NINE,0.369,0.0142,0.6168
CLUBS SIX SPADES THREE,0.3492,0.4334,0.2174
DIAMONDS ACE SPADES SEVEN,0.373,0.0032,0.6238
CLUBS THREE DIAMONDS TEN,0.4272,0.0292,0.5436
CLUBS EIGHT CLUBS SEVEN,0.318,0.0604,0.6216
HEARTS FIVE HEARTS KING,0.2612,0.0326,0.7062
DIAMONDS THREE HEARTS KING,0.4286,0.009,0.5624
HEARTS FIVE SPADES THREE,0.4854,0.279,0.2356
DIAMONDS THREE DIAMONDS JACK,0.399,0.021,0.58
DIAMONDS QUEEN CLUBS ACE,0.3662,0.0034,0.6304
SPADES JACK HEARTS ACE,0.3688,0.006,0.6252
CLUBS TWO HEARTS NINE,0.4284,0.0436,0.528
CLUBS FIVE SPADES FIVE,0.28,0.1022,0.6178
DIAMONDS JACK SPADES THREE,0.4232,0.0188,0.558
CLUBS JACK SPADES TEN,0.3488,0.0106,0.6406
CLUBS THREE HEARTS KING,0.4246,0.0108,0.5646
SPADES QUEEN DIAMONDS FOUR,0.4246,0.0104,0.565
DIAMONDS KING CLUBS TWO,0.4284,0.009,0.5626
SPADES JACK SPADES TWO,0.409,0.0184,0.5726
HEARTS KING DIAMONDS FOUR,0.4184,0.008,0.5736
HEARTS FOUR DIAMONDS EIGHT,0.414,0.0744,0.5116
CLUBS THREE DIAMONDS SEVEN,0.4062,0.1002,0.4936
HEARTS EIGHT SPADES FOUR,0.4166,0.0674,0.516
DIAMONDS TWO CLUBS THREE,0.542,0.157,0.301
DIAMONDS THREE CLUBS KING,0.4464,0.0078,0.5458
SPADES QUEEN SPADES TEN,0.3338,0.0088,0.6574
SPADES QUEEN SPADES SIX,0.2922,0.0466,0.6612
SPADES QUEEN DIAMONDS SEVEN,0.3724,0.0134,0.6142
CLUBS FOUR DIAMONDS KING,0.4228,0.0084,0.5688
SPADES SEVEN CLUBS ACE,0.3824,0.0026,0.615
DIAMONDS TWO CLUBS KING,0.4214,0.0092,0.5694
DIAMONDS KING SPADES FOUR,0.4082,0.0094,0.5824
CLUBS EIGHT CLUBS FOUR,0.3798,0.0622,0.558
CLUBS FOUR DIAMONDS SIX,0.3348,0.4494,0.2158
SPADES SIX HEARTS KING,0.2812,0.0386,0.6802
SPADES EIGHT DIAMONDS JACK,0.3592,0.0212,0.6196
SPADES KING CLUBS KING,0.1878,0.017,0.7952
CLUBS SEVEN HEARTS QUEEN,0.3722,0.0114,0.6164
SPADES QUEEN CLUBS TWO,0.4472,0.0114,0.5414
HEARTS FOUR SPADES NINE,0.423,0.042,0.535
CLUBS NINE CLUBS SIX,0.2522,0.1046,0.6432
SPADES EIGHT SPADES FIVE,0.2496,0.1328,0.6176
SPADES SEVEN HEARTS NINE,0.3466,0.0426,0.6108
CLUBS JACK DIAMONDS TWO,0.4402,0.0182,0.5416
HEARTS THREE HEARTS KING,0.4004,0.0102,0.5894
SPADES ACE CLUBS TEN,0.374,0.0026,0.6234
SPADES QUEEN CLUBS QUEEN,0.2028,0.0332,0.764
SPADES EIGHT DIAMONDS NINE,0.345,0.0404,0.6146
DIAMONDS TWO DIAMONDS SEVEN,0.4084,0.0966,0.495
SPADES KING SPADES QUEEN,0.35,0.0068,0.6432
CLUBS TEN CLUBS SIX,0.261,0.0768,0.6622
CLUBS JACK SPADES QUEEN,0.3704,0.0102,0.6194
SPADES JACK HEARTS KING,0.3668,0.007,0.6262
SPADES FIVE CLUBS KING,0.2924,0.035,0.6726
CLUBS FOUR SPADES FOUR,0.3638,0.1336,0.5026
HEARTS THREE DIAMONDS ACE,0.4178,0.0036,0.5786
SPADES ACE SPADES SIX,0.266,0.0242,0.7098
CLUBS JACK SPADES FIVE,0.2852,0.0534,0.6614
DIAMONDS TWO CLUBS FIVE,0.4994,0.2722,0.2284
SPADES ACE HEARTS TWO,0.4226,0.0042,0.5732
DIAMONDS TEN CLUBS QUEEN,0.3472,0.0106,0.6422
HEARTS TWO HEARTS KING,0.4126,0.0092,0.5782
HEARTS FOUR DIAMONDS SEVEN,0.4018,0.097,0.5012
CLUBS TEN HEARTS JACK,0.3392,0.0162,0.6446
CLUBS JACK DIAMONDS THREE,0.4292,0.0222,0.5486
HEARTS SEVEN DIAMONDS SEVEN,0.1422,0.1052,0.7526
SPADES JACK CLUBS FOUR,0.4162,0.02,0.5638
CLUBS FOUR DIAMONDS JACK,0.4122,0.0206,0.5672
DIAMONDS THREE DIAMONDS QUEEN,0.4162,0.0128,0.571
CLUBS TWO DIAMONDS SEVEN,0.4142,0.1088,0.477
HEARTS THREE DIAMONDS QUEEN,0.4234,0.0128,0.5638
SPADES FOUR HEARTS QUEEN,0.4214,0.0122,0.5664
SPADES SEVEN DIAMONDS SEVEN,0.1568,0.1054,0.7378
CLUBS SIX HEARTS NINE,0.2776,0.1046,0.6178
HEARTS SEVEN SPADES SEVEN,0.1462,0.105,0.7488
DIAMONDS TEN HEARTS JACK,0.3348,0.015,0.6502
HEARTS EIGHT SPADES KING,0.3656,0.0084,0.626
SPADES FIVE HEARTS QUEEN,0.2962,0.0404,0.6634
HEARTS EIGHT DIAMONDS TWO,0.4262,0.0698,0.504
SPADES QUEEN SPADES THREE,0.402,0.0124,0.5856
CLUBS FOUR CLUBS QUEEN,0.4102,0.0142,0.5756
SPADES JACK CLUBS KING,0.3642,0.0074,0.6284
CLUBS NINE HEARTS TEN,0.3448,0.025,0.6302
CLUBS SEVEN DIAMONDS NINE,0.3582,0.0388,0.603
SPADES QUEEN DIAMONDS EIGHT,0.376,0.0116,0.6124
HEARTS SEVEN SPADES EIGHT,0.3378,0.056,0.6062
DIAMONDS ACE DIAMONDS KING,0.3536,0.0048,0.6416
DIAMONDS JACK CLUBS QUEEN,0.3816,0.0078,0.6106
HEARTS SEVEN HEARTS THREE,0.4016,0.0934,0.505
HEARTS TWO DIAMONDS ACE,0.4156,0.0064,0.578
SPADES ACE CLUBS TWO,0.4292,0.0042,0.5666
CLUBS FOUR SPADES FIVE,0.4896,0.2666,0.2438
CLUBS FOUR CLUBS ACE,0.393,0.005,0.602
HEARTS SEVEN CLUBS FOUR,0.3974,0.0992,0.5034
SPADES QUEEN HEARTS FOUR,0.4282,0.0148,0.557
CLUBS NINE CLUBS THREE,0.402,0.0362,0.5618
SPADES ACE CLUBS THREE,0.4086,0.0046,0.5868
CLUBS NINE SPADES SEVEN,0.3478,0.0436,0.6086
HEARTS FIVE CLUBS TWO,0.497,0.2632,0.2398
DIAMONDS EIGHT DIAMONDS SEVEN,0.3244,0.0582,0.6174
CLUBS SIX CLUBS TWO,0.3102,0.4444,0.2454
SPADES QUEEN CLUBS NINE,0.359,0.0108,0.6302
CLUBS TEN DIAMONDS SIX,0.267,0.0758,0.6572
CLUBS JACK CLUBS TEN,0.3188,0.0136,0.6676
CLUBS SIX CLUBS FOUR,0.3044,0.4288,0.2668
SPADES JACK SPADES SEVEN,0.3496,0.0166,0.6338
SPADES KING HEARTS KING,0.1886,0.0178,0.7936
SPADES SEVEN HEARTS ACE,0.3696,0.0026,0.6278
CLUBS SIX HEARTS TWO,0.336,0.4644,0.1996
DIAMONDS NINE CLUBS ACE,0.3688,0.005,0.6262
HEARTS FIVE SPADES FOUR,0.4872,0.2818,0.231
HEARTS THREE HEARTS NINE,0.4188,0.0414,0.5398
HEARTS SEVEN DIAMONDS EIGHT,0.3376,0.0618,0.6006
SPADES JACK CLUBS SEVEN,0.3916,0.0172,0.5912
HEARTS EIGHT CLUBS FOUR,0.399,0.0644,0.5366
SPADES EIGHT SPADES TWO,0.402,0.0628,0.5352
HEARTS FIVE DIAMONDS SEVEN,0.2344,0.2006,0.565
HEARTS TWO SPADES THREE,0.5426,0.1504,0.307
SPADES TEN DIAMONDS KING,0.3716,0.006,0.6224
HEARTS FOUR HEARTS TWO,0.5278,0.1446,0.3276
DIAMONDS TWO HEARTS FOUR,0.553,0.1538,0.2932
HEARTS THREE SPADES EIGHT,0.4182,0.0706,0.5112
CLUBS ACE DIAMONDS SEVEN,0.373,0.0038,0.6232
SPADES KING SPADES FOUR,0.3918,0.007,0.6012
CLUBS SIX SPADES SEVEN,0.2418,0.1892,0.569
CLUBS JACK CLUBS THREE,0.399,0.0214,0.5796
DIAMONDS ACE DIAMONDS JACK,0.3432,0.0052,0.6516
DIAMONDS KING CLUBS KING,0.1938,0.0196,0.7866
DIAMONDS QUEEN HEARTS ACE,0.3656,0.0062,0.6282
CLUBS SEVEN SPADES FOUR,0.403,0.0976,0.4994
CLUBS EIGHT DIAMONDS QUEEN,0.3864,0.0112,0.6024
CLUBS FOUR HEARTS NINE,0.4314,0.0376,0.531
CLUBS FOUR HEARTS KING,0.426,0.0084,0.5656
HEARTS TWO DIAMONDS SEVEN,0.4344,0.1066,0.459
CLUBS SIX DIAMONDS QUEEN,0.2892,0.045,0.6658
CLUBS JACK HEARTS TWO,0.4406,0.0182,0.5412
SPADES SIX CLUBS ACE,0.2958,0.0246,0.6796
CLUBS FIVE DIAMONDS SEVEN,0.2374,0.2024,0.5602
DIAMONDS EIGHT HEARTS TEN,0.3542,0.0232,0.6226
CLUBS FIVE HEARTS QUEEN,0.2824,0.042,0.6756
CLUBS FOUR SPADES TWO,0.5402,0.1496,0.3102
HEARTS EIGHT SPADES QUEEN,0.3766,0.013,0.6104
SPADES QUEEN HEARTS TEN,0.3538,0.0114,0.6348
CLUBS NINE DIAMONDS TEN,0.3518,0.021,0.6272
CLUBS EIGHT SPADES EIGHT,0.1648,0.0896,0.7456
HEARTS TWO SPADES EIGHT,0.424,0.0694,0.5066
DIAMONDS KING SPADES THREE,0.4288,0.0096,0.5616
SPADES FIVE DIAMONDS EIGHT,0.2598,0.1348,0.6054
CLUBS FIVE DIAMONDS JACK,0.286,0.0606,0.6534
HEARTS FIVE DIAMONDS TEN,0.2786,0.08,0.6414
DIAMONDS TWO HEARTS TWO,0.381,0.1356,0.4834
CLUBS SEVEN SPADES SIX,0.2458,0.1958,0.5584
SPADES KING DIAMONDS SIX,0.283,0.0372,0.6798
SPADES FOUR CLUBS QUEEN,0.423,0.0122,0.5648
DIAMONDS JACK CLUBS KING,0.361,0.0054,0.6336
CLUBS FOUR HEARTS ACE,0.3896,0.0046,0.6058
SPADES TEN DIAMONDS JACK,0.3424,0.016,0.6416
CLUBS SIX DIAMONDS ACE,0.2682,0.0294,0.7024
HEARTS SEVEN CLUBS QUEEN,0.3794,0.009,0.6116
CLUBS EIGHT CLUBS THREE,0.4032,0.0662,0.5306
HEARTS KING HEARTS JACK,0.356,0.0106,0.6334
CLUBS NINE CLUBS SEVEN,0.3286,0.042,0.6294
HEARTS SEVEN DIAMONDS TEN,0.35,0.034,0.616
HEARTS THREE SPADES SIX,0.3316,0.4566,0.2118
SPADES TEN SPADES THREE,0.4006,0.0248,0.5746
CLUBS FOUR SPADES SIX,0.3302,0.45,0.2198
DIAMONDS QUEEN CLUBS QUEEN,0.1938,0.0334,0.7728
DIAMONDS TEN DIAMONDS EIGHT,0.3452,0.0264,0.6284
SPADES QUEEN HEARTS KING,0.37,0.0058,0.6242
SPADES EIGHT CLUBS TWO,0.4246,0.0714,0.504
SPADES QUEEN CLUBS KING,0.3774,0.0056,0.617
DIAMONDS THREE CLUBS FIVE,0.5032,0.2578,0.239
SPADES QUEEN SPADES FOUR,0.4022,0.0138,0.584
SPADES FOUR DIAMONDS FOUR,0.355,0.1298,0.5152
DIAMONDS THREE DIAMONDS EIGHT,0.4088,0.0616,0.5296
HEARTS THREE DIAMONDS FOUR,0.5302,0.1536,0.3162
CLUBS JACK SPADES FOUR,0.4214,0.019,0.5596
HEARTS ACE DIAMONDS FOUR,0.4098,0.007,0.5832
HEARTS FIVE HEARTS QUEEN,0.2734,0.0438,0.6828
HEARTS THREE SPADES THREE,0.3804,0.1256,0.494
HEARTS EIGHT HEARTS ACE,0.3554,0.0058,0.6388
SPADES SIX CLUBS THREE,0.3286,0.447,0.2244
CLUBS TEN DIAMONDS NINE,0.3566,0.0262,0.6172
CLUBS SIX DIAMONDS KING,0.2768,0.038,0.6852
CLUBS EIGHT HEARTS FOUR,0.4132,0.0646,0.5222
HEARTS FOUR CLUBS TWO,0.532,0.1622,0.3058
CLUBS JACK SPADES JACK,0.1888,0.0488,0.7624
HEARTS SEVEN SPADES NINE,0.3446,0.0392,0.6162
SPADES TWO HEARTS QUEEN,0.4396,0.0108,0.5496
CLUBS EIGHT HEARTS NINE,0.342,0.0406,0.6174
HEARTS QUEEN CLUBS KING,0.371,0.008,0.621
HEARTS QUEEN DIAMONDS SEVEN,0.373,0.0098,0.6172
CLUBS THREE HEARTS JACK,0.4306,0.0184,0.551
SPADES ACE CLUBS FOUR,0.4112,0.0034,0.5854
HEARTS THREE CLUBS ACE,0.413,0.0058,0.5812
SPADES NINE DIAMONDS QUEEN,0.372,0.0124,0.6156
SPADES SEVEN HEARTS KING,0.3648,0.0072,0.628
HEARTS SEVEN SPADES FOUR,0.3992,0.0976,0.5032
HEARTS TWO CLUBS FIVE,0.4934,0.2698,0.2368
HEARTS FIVE CLUBS FOUR,0.4912,0.2722,0.2366
HEARTS EIGHT HEARTS QUEEN,0.359,0.0112,0.6298
SPADES NINE DIAMONDS JACK,0.3714,0.0154,0.6132
HEARTS QUEEN HEARTS NINE,0.3428,0.01,0.6472
HEARTS FIVE DIAMONDS KING,0.2902,0.0386,0.6712
SPADES TEN HEARTS QUEEN,0.3546,0.0108,0.6346
HEARTS TEN CLUBS QUEEN,0.3652,0.006,0.6288
SPADES SIX HEARTS JACK,0.2732,0.0592,0.6676
HEARTS FOUR HEARTS QUEEN,0.4108,0.014,0.5752
HEARTS FIVE DIAMONDS FOUR,0.507,0.2714,0.2216
DIAMONDS QUEEN CLUBS TWO,0.43,0.0132,0.5568
DIAMONDS TEN SPADES TWO,0.4258,0.032,0.5422
CLUBS NINE HEARTS THREE,0.4222,0.0452,0.5326
DIAMONDS TEN HEARTS NINE,0.346,0.0256,0.6284
DIAMONDS THREE HEARTS QUEEN,0.428,0.0156,0.5564
SPADES THREE HEARTS TEN,0.4144,0.029,0.5566
HEARTS SEVEN DIAMONDS FOUR,0.3944,0.104,0.5016
DIAMONDS TWO SPADES JACK,0.4392,0.0202,0.5406
HEARTS TWO DIAMONDS TEN,0.424,0.03,0.546
CLUBS JACK HEARTS TEN,0.3562,0.0134,0.6304
CLUBS SEVEN DIAMONDS SEVEN,0.1542,0.1028,0.743
CLUBS SIX CLUBS QUEEN,0.2608,0.0498,0.6894
SPADES KING DIAMONDS KING,0.183,0.0184,0.7986
CLUBS THREE DIAMONDS QUEEN,0.437,0.0152,0.5478
SPADES NINE CLUBS FOUR,0.4232,0.0424,0.5344
DIAMONDS THREE SPADES QUEEN,0.442,0.0138,0.5442
CLUBS NINE DIAMONDS JACK,0.3662,0.016,0.6178
HEARTS EIGHT SPADES THREE,0.4252,0.073,0.5018
SPADES ACE HEARTS QUEEN,0.366,0.0034,0.6306
HEARTS TWO HEARTS TEN,0.4158,0.0316,0.5526
SPADES FIVE HEARTS ACE,0.2722,0.017,0.7108
SPADES ACE CLUBS EIGHT,0.3756,0.004,0.6204
CLUBS FIVE DIAMONDS NINE,0.2754,0.1036,0.621
HEARTS EIGHT DIAMONDS KING,0.3672,0.009,0.6238
SPADES EIGHT DIAMONDS ACE,0.3744,0.0044,0.6212
CLUBS EIGHT HEARTS KING,0.373,0.0064,0.6206
HEARTS SEVEN DIAMONDS JACK,0.3784,0.0178,0.6038
DIAMONDS EIGHT DIAMONDS SIX,0.2458,0.1538,0.6004
CLUBS NINE HEARTS ACE,0.3724,0.0046,0.623
SPADES FIVE DIAMONDS JACK,0.283,0.0602,0.6568
DIAMONDS NINE HEARTS JACK,0.3636,0.0164,0.62
CLUBS NINE SPADES TWO,0.4244,0.0434,0.5322
HEARTS THREE HEARTS ACE,0.3874,0.0058,0.6068
CLUBS TEN SPADES NINE,0.3558,0.0204,0.6238
SPADES ACE HEARTS SEVEN,0.3642,0.0052,0.6306
CLUBS THREE CLUBS ACE,0.3914,0.0042,0.6044
CLUBS EIGHT SPADES NINE,0.3484,0.0386,0.613
SPADES TEN CLUBS FIVE,0.2848,0.0776,0.6376
DIAMONDS TWO HEARTS KING,0.4278,0.0102,0.562
DIAMONDS THREE HEARTS TWO,0.5374,0.1634,0.2992
DIAMONDS TEN SPADES THREE,0.4328,0.0316,0.5356
HEARTS EIGHT HEARTS TEN,0.3468,0.0284,0.6248
SPADES NINE CLUBS TWO,0.4312,0.0418,0.527
SPADES KING HEARTS QUEEN,0.382,0.0078,0.6102
SPADES KING DIAMONDS TEN,0.366,0.0056,0.6284
SPADES KING DIAMONDS EIGHT,0.382,0.0058,0.6122
SPADES FOUR HEARTS NINE,0.431,0.0424,0.5266
HEARTS EIGHT CLUBS NINE,0.361,0.0356,0.6034
SPADES KING HEARTS TWO,0.4306,0.0094,0.56
CLUBS SIX CLUBS FIVE,0.0216,0.91,0.0684
HEARTS SEVEN SPADES FIVE,0.2364,0.1958,0.5678
CLUBS TEN CLUBS EIGHT,0.3384,0.0254,0.6362
CLUBS TWO SPADES TWO,0.3752,0.135,0.4898
HEARTS EIGHT CLUBS TWO,0.4212,0.064,0.5148
SPADES THREE HEARTS QUEEN,0.4274,0.0138,0.5588
DIAMONDS THREE CLUBS SEVEN,0.4168,0.1004,0.4828
HEARTS TWO DIAMONDS FOUR,0.5464,0.1576,0.296
HEARTS FOUR DIAMONDS QUEEN,0.431,0.0134,0.5556
CLUBS FIVE HEARTS ACE,0.264,0.0222,0.7138
DIAMONDS ACE SPADES THREE,0.401,0.0052,0.5938
DIAMONDS THREE DIAMONDS SEVEN,0.4,0.1,0.5
SPADES SEVEN SPADES SIX,0.2338,0.19,0.5762
HEARTS ACE DIAMONDS TEN,0.3522,0.0062,0.6416
CLUBS JACK CLUBS NINE,0.3376,0.013,0.6494
HEARTS SEVEN HEARTS NINE,0.3364,0.0426,0.621
CLUBS EIGHT DIAMONDS ACE,0.3722,0.003,0.6248
CLUBS EIGHT DIAMONDS SEVEN,0.3338,0.0596,0.6066
SPADES QUEEN CLUBS SEVEN,0.3776,0.012,0.6104
CLUBS NINE HEARTS TWO,0.4414,0.0458,0.5128
CLUBS FIVE DIAMONDS TEN,0.285,0.0792,0.6358
SPADES KING HEARTS NINE,0.3736,0.0066,0.6198
SPADES QUEEN CLUBS EIGHT,0.3822,0.013,0.6048
DIAMONDS EIGHT CLUBS QUEEN,0.372,0.0118,0.6162
CLUBS TEN DIAMONDS ACE,0.361,0.0034,0.6356
DIAMONDS EIGHT HEARTS NINE,0.3428,0.0364,0.6208
CLUBS JACK CLUBS KING,0.3536,0.007,0.6394
SPADES NINE DIAMONDS TEN,0.3464,0.0232,0.6304
CLUBS FIVE DIAMONDS SIX,0.0114,0.9694,0.0192
HEARTS TEN HEARTS NINE,0.3322,0.0212,0.6466
HEARTS THREE DIAMONDS EIGHT,0.432,0.0678,0.5002
DIAMONDS QUEEN DIAMONDS SEVEN,0.3514,0.013,0.6356
DIAMONDS ACE CLUBS KING,0.3718,0.004,0.6242
CLUBS THREE DIAMONDS SIX,0.3316,0.4498,0.2186
CLUBS SEVEN CLUBS KING,0.3648,0.0092,0.626
CLUBS FIVE SPADES FOUR,0.4918,0.2586,0.2496
HEARTS SEVEN CLUBS KING,0.369,0.0094,0.6216
SPADES NINE SPADES FOUR,0.3912,0.0464,0.5624
DIAMONDS EIGHT CLUBS ACE,0.3726,0.0032,0.6242
CLUBS SEVEN SPADES FIVE,0.2374,0.2028,0.5598
SPADES TWO CLUBS KING,0.4352,0.0078,0.557
CLUBS SIX SPADES TWO,0.349,0.446,0.205
SPADES ACE DIAMONDS FOUR,0.4042,0.0044,0.5914
DIAMONDS TWO HEARTS JACK,0.44,0.0212,0.5388
DIAMONDS SIX DIAMONDS FOUR,0.317,0.4358,0.2472
DIAMONDS QUEEN SPADES THREE,0.4296,0.0126,0.5578
SPADES TWO DIAMONDS FOUR,0.5536,0.1534,0.293
DIAMONDS THREE SPADES JACK,0.426,0.018,0.556
SPADES JACK DIAMONDS SEVEN,0.356,0.0192,0.6248
SPADES ACE SPADES EIGHT,0.3548,0.0048,0.6404
SPADES ACE DIAMONDS TEN,0.3646,0.0042,0.6312
CLUBS ACE HEARTS TEN,0.364,0.0036,0.6324
HEARTS FOUR DIAMONDS TEN,0.4314,0.0264,0.5422
SPADES QUEEN HEARTS NINE,0.3882,0.0112,0.6006
CLUBS JACK DIAMONDS SIX,0.2846,0.0592,0.6562
CLUBS THREE CLUBS TWO,0.5058,0.1358,0.3584
HEARTS FIVE DIAMONDS SIX,0.0078,0.9854,0.0068
SPADES FIVE HEARTS NINE,0.2696,0.101,0.6294
HEARTS EIGHT SPADES SIX,0.2578,0.1446,0.5976
SPADES KING DIAMONDS TWO,0.4538,0.0088,0.5374
HEARTS EIGHT HEARTS THREE,0.411,0.0652,0.5238
SPADES JACK CLUBS QUEEN,0.3736,0.0094,0.617
SPADES FIVE DIAMONDS SEVEN,0.2308,0.196,0.5732
CLUBS JACK SPADES EIGHT,0.365,0.0206,0.6144
SPADES TEN SPADES TWO,0.4096,0.0266,0.5638
DIAMONDS THREE HEARTS THREE,0.3804,0.1308,0.4888
CLUBS TEN HEARTS ACE,0.3604,0.0034,0.6362
DIAMONDS TWO SPADES SEVEN,0.429,0.1054,0.4656
HEARTS TWO CLUBS THREE,0.5298,0.1616,0.3086
SPADES TEN HEARTS NINE,0.3532,0.0248,0.622
HEARTS TWO DIAMONDS KING,0.4332,0.0072,0.5596
SPADES QUEEN SPADES SEVEN,0.352,0.0108,0.6372
CLUBS NINE CLUBS ACE,0.3454,0.004,0.6506
DIAMONDS KING HEARTS NINE,0.367,0.009,0.624
HEARTS FOUR CLUBS THREE,0.5312,0.156,0.3128
SPADES EIGHT DIAMONDS FOUR,0.418,0.0648,0.5172
CLUBS SEVEN SPADES TWO,0.4192,0.0994,0.4814
CLUBS TEN CLUBS KING,0.3388,0.0072,0.654
CLUBS THREE DIAMONDS JACK,0.4282,0.0212,0.5506
CLUBS EIGHT CLUBS KING,0.3462,0.0092,0.6446
HEARTS ACE DIAMONDS SIX,0.281,0.0262,0.6928
SPADES EIGHT HEARTS ACE,0.3726,0.0034,0.624
DIAMONDS EIGHT CLUBS KING,0.3688,0.0096,0.6216
HEARTS EIGHT CLUBS EIGHT,0.168,0.0962,0.7358
DIAMONDS JACK HEARTS TEN,0.3332,0.0194,0.6474
DIAMONDS THREE CLUBS QUEEN,0.4322,0.012,0.5558
CLUBS KING HEARTS TEN,0.3534,0.0068,0.6398
CLUBS NINE HEARTS JACK,0.3584,0.0198,0.6218
CLUBS SEVEN SPADES EIGHT,0.3422,0.0598,0.598
CLUBS SEVEN CLUBS QUEEN,0.3548,0.01,0.6352
CLUBS JACK CLUBS SIX,0.2708,0.059,0.6702
HEARTS ACE HEARTS QUEEN,0.3576,0.0048,0.6376
SPADES QUEEN HEARTS THREE,0.4332,0.0122,0.5546
CLUBS SIX DIAMONDS SIX,0.1174,0.1096,0.773
DIAMONDS QUEEN HEARTS TEN,0.3612,0.0096,0.6292
CLUBS JACK DIAMONDS QUEEN,0.3718,0.0108,0.6174
SPADES QUEEN DIAMONDS ACE,0.3644,0.0044,0.6312
CLUBS NINE SPADES SIX,0.2552,0.108,0.6368
CLUBS TEN SPADES JACK,0.344,0.0128,0.6432
DIAMONDS NINE HEARTS TEN,0.3386,0.0268,0.6346
HEARTS SEVEN HEARTS TWO,0.4154,0.0932,0.4914
SPADES QUEEN HEARTS JACK,0.3606,0.0124,0.627
CLUBS TWO DIAMONDS SIX,0.339,0.4476,0.2134
SPADES FIVE SPADES TWO,0.4638,0.2516,0.2846
CLUBS JACK DIAMONDS TEN,0.3574,0.0124,0.6302
CLUBS SEVEN HEARTS NINE,0.3382,0.0422,0.6196
HEARTS SEVEN DIAMONDS SIX,0.237,0.1908,0.5722
SPADES KING DIAMONDS NINE,0.3632,0.0066,0.6302
SPADES QUEEN CLUBS FOUR,0.4316,0.0128,0.5556
DIAMONDS ACE CLUBS TWO,0.4174,0.0064,0.5762
CLUBS SIX SPADES FIVE,0.021,0.9596,0.0194
DIAMONDS QUEEN DIAMONDS SIX,0.2738,0.0458,0.6804
DIAMONDS TWO SPADES TWO,0.3864,0.1198,0.4938
CLUBS SEVEN HEARTS TWO,0.4288,0.1038,0.4674
CLUBS TEN CLUBS TWO,0.4078,0.0296,0.5626
DIAMONDS TWO CLUBS EIGHT,0.4318,0.0666,0.5016
DIAMONDS TWO CLUBS ACE,0.4246,0.009,0.5664
SPADES SIX DIAMONDS NINE,0.2632,0.1146,0.6222
DIAMONDS QUEEN SPADES FOUR,0.4272,0.0136,0.5592
HEARTS SEVEN DIAMONDS QUEEN,0.3692,0.0138,0.617
HEARTS SEVEN CLUBS SEVEN,0.1452,0.1064,0.7484
HEARTS ACE SPADES THREE,0.4086,0.0058,0.5856
SPADES JACK CLUBS FIVE,0.2896,0.0592,0.6512
SPADES EIGHT HEARTS TEN,0.3494,0.0252,0.6254
DIAMONDS KING DIAMONDS TEN,0.3584,0.0066,0.635
SPADES TEN CLUBS SEVEN,0.3808,0.0242,0.595
HEARTS EIGHT SPADES JACK,0.3606,0.0202,0.6192
SPADES FIVE SPADES THREE,0.468,0.2508,0.2812
HEARTS EIGHT DIAMONDS FOUR,0.4092,0.064,0.5268
CLUBS FOUR CLUBS KING,0.399,0.01,0.591
DIAMONDS THREE CLUBS TWO,0.5274,0.1574,0.3152
DIAMONDS THREE HEARTS JACK,0.4404,0.0214,0.5382
DIAMONDS ACE HEARTS NINE,0.3674,0.0056,0.627
CLUBS FIVE SPADES THREE,0.4928,0.27,0.2372
CLUBS THREE CLUBS KING,0.402,0.0106,0.5874
CLUBS SIX DIAMONDS JACK,0.2748,0.0656,0.6596
HEARTS TWO HEARTS ACE,0.3828,0.0084,0.6088
CLUBS FIVE SPADES SEVEN,0.246,0.192,0.562
CLUBS NINE CLUBS EIGHT,0.3294,0.0382,0.6324
CLUBS TEN SPADES TWO,0.4362,0.026,0.5378
CLUBS JACK HEARTS SEVEN,0.3604,0.0174,0.6222
CLUBS TEN SPADES TEN,0.188,0.0642,0.7478
CLUBS THREE DIAMONDS NINE,0.4252,0.0444,0.5304
HEARTS TWO HEARTS JACK,0.4068,0.0194,0.5738
DIAMONDS NINE DIAMONDS FOUR,0.409,0.0448,0.5462
HEARTS EIGHT HEARTS JACK,0.35,0.02,0.63
CLUBS FOUR DIAMONDS SEVEN,0.4032,0.0934,0.5034
DIAMONDS QUEEN SPADES TWO,0.422,0.0146,0.5634
CLUBS NINE CLUBS QUEEN,0.3608,0.0076,0.6316
CLUBS FOUR DIAMONDS FOUR,0.36,0.1268,0.5132
DIAMONDS KING DIAMONDS SEVEN,0.349,0.007,0.644
SPADES KING SPADES SEVEN,0.3608,0.0056,0.6336
SPADES ACE DIAMONDS SEVEN,0.3598,0.0038,0.6364
CLUBS TEN HEARTS TWO,0.4464,0.0236,0.53
HEARTS SEVEN HEARTS ACE,0.3496,0.0082,0.6422
CLUBS SEVEN CLUBS SIX,0.2254,0.1922,0.5824
HEARTS SEVEN SPADES SIX,0.2406,0.202,0.5574
SPADES KING SPADES THREE,0.4014,0.0078,0.5908
SPADES KING SPADES TWO,0.4042,0.0096,0.5862
SPADES JACK SPADES SIX,0.2756,0.0574,0.667
CLUBS JACK HEARTS JACK,0.1962,0.043,0.7608
DIAMONDS THREE SPADES EIGHT,0.4286,0.071,0.5004
CLUBS NINE HEARTS QUEEN,0.3648,0.0122,0.623
DIAMONDS JACK HEARTS KING,0.3812,0.007,0.6118
DIAMONDS KING HEARTS KING,0.18,0.017,0.803
HEARTS FOUR HEARTS ACE,0.3926,0.007,0.6004
SPADES SIX SPADES TWO,0.3292,0.4202,0.2506
CLUBS TWO DIAMONDS EIGHT,0.4224,0.0678,0.5098
CLUBS TEN DIAMONDS EIGHT,0.348,0.0292,0.6228
SPADES QUEEN HEARTS FIVE,0.296,0.0394,0.6646
HEARTS FIVE SPADES TWO,0.4924,0.27,0.2376
CLUBS FIVE CLUBS TWO,0.4758,0.2468,0.2774
HEARTS FIVE DIAMONDS NINE,0.272,0.1068,0.6212
SPADES TEN HEARTS TEN,0.1866,0.0672,0.7462
HEARTS TWO CLUBS FOUR,0.5452,0.1516,0.3032
CLUBS FOUR SPADES THREE,0.5176,0.159,0.3234
SPADES ACE CLUBS QUEEN,0.3716,0.0022,0.6262
DIAMONDS KING CLUBS THREE,0.4316,0.01,0.5584
SPADES SIX SPADES FOUR,0.31,0.4318,0.2582
CLUBS NINE CLUBS TWO,0.4016,0.0324,0.566
HEARTS FIVE SPADES SIX,0.0182,0.969,0.0128
DIAMONDS ACE CLUBS THREE,0.4132,0.0036,0.5832
SPADES NINE SPADES SEVEN,0.3252,0.0374,0.6374
HEARTS THREE HEARTS JACK,0.4132,0.0194,0.5674
DIAMONDS TWO SPADES TEN,0.4356,0.0272,0.5372
CLUBS JACK DIAMONDS ACE,0.3722,0.006,0.6218
CLUBS SEVEN HEARTS KING,0.3706,0.0086,0.6208
SPADES KING HEARTS ACE,0.3702,0.0048,0.625
CLUBS JACK DIAMONDS EIGHT,0.3516,0.0194,0.629
CLUBS SEVEN DIAMONDS SIX,0.242,0.1964,0.5616
SPADES TWO HEARTS NINE,0.428,0.0438,0.5282
HEARTS FIVE CLUBS SIX,0.0184,0.9708,0.0108
HEARTS FIVE HEARTS ACE,0.2536,0.0256,0.7208
DIAMONDS NINE DIAMONDS EIGHT,0.3308,0.0368,0.6324
SPADES KING DIAMONDS ACE,0.366,0.0038,0.6302
DIAMONDS KING HEARTS ACE,0.3716,0.0076,0.6208
SPADES NINE HEARTS NINE,0.1908,0.0754,0.7338
CLUBS EIGHT HEARTS TEN,0.3498,0.025,0.6252
SPADES KING SPADES EIGHT,0.3662,0.0054,0.6284
CLUBS SIX HEARTS ACE,0.2716,0.0242,0.7042
CLUBS ACE HEARTS JACK,0.3656,0.0054,0.629
HEARTS TWO HEARTS QUEEN,0.403,0.014,0.583
HEARTS FIVE CLUBS EIGHT,0.2576,0.1522,0.5902
HEARTS ACE DIAMONDS SEVEN,0.3606,0.0054,0.634
CLUBS THREE SPADES TWO,0.5148,0.155,0.3302
HEARTS FIVE CLUBS QUEEN,0.2894,0.042,0.6686
DIAMONDS THREE CLUBS NINE,0.4364,0.0458,0.5178
CLUBS TEN DIAMONDS SEVEN,0.364,0.0232,0.6128
HEARTS FIVE SPADES JACK,0.2774,0.0588,0.6638
SPADES JACK DIAMONDS NINE,0.35,0.0176,0.6324
CLUBS KING CLUBS QUEEN,0.3454,0.0078,0.6468
DIAMONDS KING HEARTS TEN,0.366,0.0074,0.6266
SPADES ACE HEARTS EIGHT,0.3654,0.004,0.6306
CLUBS JACK SPADES KING,0.3798,0.0084,0.6118
SPADES NINE HEARTS KING,0.3624,0.009,0.6286
DIAMONDS TWO DIAMONDS FOUR,0.5272,0.1376,0.3352
HEARTS THREE CLUBS KING,0.4338,0.01,0.5562
DIAMONDS THREE HEARTS ACE,0.398,0.0046,0.5974
SPADES KING HEARTS FIVE,0.3022,0.0336,0.6642
DIAMONDS TWO DIAMONDS QUEEN,0.4168,0.0138,0.5694
HEARTS EIGHT CLUBS FIVE,0.263,0.1474,0.5896
CLUBS FIVE HEARTS TEN,0.2824,0.0756,0.642
CLUBS TWO DIAMONDS NINE,0.4178,0.048,0.5342
HEARTS THREE DIAMONDS SEVEN,0.4226,0.1008,0.4766
DIAMONDS TWO DIAMONDS ACE,0.396,0.0048,0.5992
SPADES JACK SPADES NINE,0.3246,0.0202,0.6552
SPADES TWO HEARTS JACK,0.433,0.018,0.549
CLUBS SEVEN DIAMONDS KING,0.3652,0.0068,0.628
SPADES THREE HEARTS KING,0.427,0.0092,0.5638
HEARTS ACE HEARTS KING,0.3552,0.0054,0.6394
SPADES JACK DIAMONDS KING,0.3648,0.0072,0.628
HEARTS FIVE CLUBS ACE,0.272,0.0256,0.7024
CLUBS EIGHT DIAMONDS NINE,0.3442,0.038,0.6178
DIAMONDS KING HEARTS JACK,0.3692,0.0072,0.6236
DIAMONDS THREE SPADES FIVE,0.5022,0.2642,0.2336
SPADES JACK SPADES FOUR,0.4072,0.0188,0.574
SPADES ACE SPADES TEN,0.3432,0.003,0.6538
CLUBS SIX DIAMONDS NINE,0.27,0.1156,0.6144
SPADES JACK HEARTS FOUR,0.4192,0.0226,0.5582
SPADES NINE DIAMONDS SIX,0.2618,0.11,0.6282
SPADES THREE DIAMONDS NINE,0.418,0.0416,0.5404
SPADES TWO HEARTS TEN,0.4268,0.0306,0.5426
SPADES QUEEN SPADES EIGHT,0.3594,0.0112,0.6294
SPADES ACE HEARTS THREE,0.4234,0.0068,0.5698
DIAMONDS TWO SPADES EIGHT,0.4492,0.0588,0.492
CLUBS SEVEN HEARTS ACE,0.3736,0.0038,0.6226
CLUBS EIGHT HEARTS QUEEN,0.3588,0.0124,0.6288
CLUBS SEVEN DIAMONDS ACE,0.3812,0.0048,0.614
SPADES EIGHT SPADES SEVEN,0.3198,0.058,0.6222
DIAMONDS THREE SPADES SIX,0.335,0.4548,0.2102
SPADES SEVEN SPADES TWO,0.4048,0.0932,0.502
SPADES ACE HEARTS NINE,0.3578,0.003,0.6392
SPADES ACE SPADES JACK,0.3382,0.0026,0.6592
CLUBS NINE CLUBS KING,0.3484,0.0074,0.6442
DIAMONDS ACE HEARTS ACE,0.1722,0.0056,0.8222
SPADES SEVEN DIAMONDS EIGHT,0.3312,0.0616,0.6072
SPADES TEN HEARTS TWO,0.4332,0.0316,0.5352
DIAMONDS TEN CLUBS KING,0.3724,0.0072,0.6204
SPADES TEN CLUBS SIX,0.2794,0.0812,0.6394
CLUBS JACK SPADES SEVEN,0.383,0.018,0.599
HEARTS FIVE HEARTS THREE,0.4756,0.2526,0.2718
CLUBS EIGHT CLUBS QUEEN,0.3552,0.0108,0.634
HEARTS SEVEN HEARTS FIVE,0.2348,0.1952,0.57
SPADES JACK CLUBS EIGHT,0.3628,0.0168,0.6204
SPADES NINE CLUBS KING,0.36,0.008,0.632
CLUBS EIGHT HEARTS ACE,0.3736,0.0058,0.6206
CLUBS EIGHT SPADES FOUR,0.4284,0.0586,0.513
DIAMONDS JACK DIAMONDS EIGHT,0.3748,0.0182,0.607
SPADES QUEEN DIAMONDS QUEEN,0.1816,0.031,0.7874
DIAMONDS NINE DIAMONDS SIX,0.2554,0.1118,0.6328
SPADES SEVEN DIAMONDS SIX,0.2346,0.2046,0.5608
CLUBS TEN SPADES SIX,0.2728,0.0798,0.6474
CLUBS JACK SPADES SIX,0.2984,0.0618,0.6398
HEARTS EIGHT CLUBS SEVEN,0.3358,0.058,0.6062
SPADES JACK SPADES TEN,0.322,0.0128,0.6652
CLUBS QUEEN HEARTS NINE,0.3746,0.0106,0.6148
DIAMONDS ACE DIAMONDS SIX,0.2642,0.0272,0.7086
DIAMONDS TWO DIAMONDS JACK,0.403,0.0188,0.5782
SPADES JACK HEARTS TEN,0.3474,0.0104,0.6422
CLUBS JACK HEARTS FIVE,0.2952,0.0618,0.643
SPADES SEVEN HEARTS QUEEN,0.3608,0.0106,0.6286
HEARTS EIGHT CLUBS THREE,0.43,0.0668,0.5032
CLUBS SEVEN CLUBS ACE,0.343,0.0046,0.6524
DIAMONDS JACK HEARTS JACK,0.1752,0.0478,0.777
CLUBS FOUR DIAMONDS NINE,0.4224,0.0444,0.5332
SPADES FOUR CLUBS ACE,0.399,0.004,0.597
SPADES ACE SPADES FIVE,0.2474,0.0174,0.7352
SPADES SEVEN CLUBS KING,0.3768,0.007,0.6162
CLUBS NINE DIAMONDS QUEEN,0.3662,0.0124,0.6214
CLUBS FIVE SPADES SIX,0.0206,0.9594,0.02
HEARTS FOUR DIAMONDS ACE,0.4024,0.0054,0.5922
HEARTS FOUR SPADES FIVE,0.4888,0.2668,0.2444
HEARTS TWO DIAMONDS NINE,0.4284,0.0494,0.5222
SPADES ACE CLUBS FIVE,0.2724,0.0206,0.707
HEARTS EIGHT CLUBS QUEEN,0.3714,0.0116,0.617
HEARTS SEVEN HEARTS QUEEN,0.3546,0.0146,0.6308
DIAMONDS ACE DIAMONDS EIGHT,0.3522,0.006,0.6418
HEARTS JACK DIAMONDS SEVEN,0.3552,0.02,0.6248
SPADES NINE HEARTS QUEEN,0.3724,0.01,0.6176
SPADES NINE DIAMONDS ACE,0.3622,0.0058,0.632
SPADES ACE CLUBS NINE,0.373,0.0056,0.6214
SPADES JACK HEARTS QUEEN,0.364,0.0092,0.6268
SPADES ACE SPADES QUEEN,0.3594,0.0032,0.6374
SPADES QUEEN HEARTS ACE,0.3746,0.004,0.6214
SPADES SIX SPADES THREE,0.3132,0.4394,0.2474
CLUBS THREE HEARTS TEN,0.4162,0.031,0.5528
HEARTS TWO SPADES SIX,0.3418,0.455,0.2032
HEARTS FIVE SPADES TEN,0.2904,0.0792,0.6304
DIAMONDS TEN HEARTS QUEEN,0.3584,0.0098,0.6318
CLUBS JACK SPADES TWO,0.424,0.0164,0.5596
HEARTS TWO SPADES FIVE,0.5138,0.2576,0.2286
SPADES KING CLUBS ACE,0.381,0.0036,0.6154
SPADES KING HEARTS SEVEN,0.375,0.006,0.619
SPADES NINE HEARTS TWO,0.4254,0.0454,0.5292
CLUBS JACK CLUBS FOUR,0.391,0.0162,0.5928
SPADES EIGHT SPADES FOUR,0.4004,0.0616,0.538
DIAMONDS KING CLUBS ACE,0.3528,0.0052,0.642
SPADES SEVEN SPADES FOUR,0.3816,0.091,0.5274
SPADES TEN DIAMONDS SIX,0.286,0.0808,0.6332
DIAMONDS THREE SPADES THREE,0.3696,0.129,0.5014
SPADES EIGHT DIAMONDS SEVEN,0.3356,0.0614,0.603
CLUBS NINE DIAMONDS FOUR,0.4328,0.0466,0.5206
HEARTS FIVE CLUBS FIVE,0.2976,0.099,0.6034
DIAMONDS TWO CLUBS FOUR,0.5342,0.1644,0.3014
SPADES NINE CLUBS THREE,0.4346,0.0464,0.519
SPADES FOUR SPADES THREE,0.4876,0.1442,0.3682
SPADES SEVEN SPADES THREE,0.3908,0.0906,0.5186
HEARTS ACE HEARTS NINE,0.363,0.005,0.632
SPADES TEN CLUBS QUEEN,0.364,0.0084,0.6276
HEARTS SEVEN HEARTS FOUR,0.3868,0.0988,0.5144
DIAMONDS TEN DIAMONDS FOUR,0.4044,0.0348,0.5608
SPADES KING CLUBS NINE,0.3712,0.0056,0.6232
CLUBS KING DIAMONDS FOUR,0.4248,0.0104,0.5648
CLUBS EIGHT DIAMONDS SIX,0.2554,0.1474,0.5972
DIAMONDS KING HEARTS QUEEN,0.3722,0.0076,0.6202
HEARTS THREE DIAMONDS JACK,0.4222,0.0206,0.5572
HEARTS SEVEN SPADES TEN,0.3594,0.0264,0.6142
HEARTS EIGHT SPADES TWO,0.4206,0.0686,0.5108
SPADES QUEEN SPADES JACK,0.3508,0.0098,0.6394
SPADES QUEEN HEARTS TWO,0.4442,0.0142,0.5416
CLUBS SEVEN HEARTS THREE,0.4176,0.1022,0.4802
DIAMONDS ACE HEARTS TEN,0.3576,0.005,0.6374
DIAMONDS KING SPADES SIX,0.2846,0.035,0.6804
CLUBS TWO HEARTS QUEEN,0.4274,0.0148,0.5578
SPADES NINE CLUBS FIVE,0.2682,0.1122,0.6196
CLUBS NINE SPADES FOUR,0.429,0.044,0.527
SPADES KING DIAMONDS SEVEN,0.3728,0.007,0.6202
HEARTS EIGHT HEARTS NINE,0.3356,0.037,0.6274
HEARTS TWO HEARTS NINE,0.42,0.0438,0.5362
SPADES SEVEN DIAMONDS NINE,0.3416,0.0432,0.6152
CLUBS EIGHT DIAMONDS FOUR,0.4172,0.0594,0.5234
HEARTS THREE HEARTS TEN,0.4016,0.0282,0.5702
HEARTS KING DIAMONDS EIGHT,0.3728,0.0088,0.6184
CLUBS FIVE HEARTS NINE,0.2674,0.108,0.6246
SPADES TEN SPADES FOUR,0.3872,0.0278,0.585
CLUBS JACK DIAMONDS NINE,0.364,0.0164,0.6196
SPADES EIGHT CLUBS QUEEN,0.3916,0.0104,0.598
SPADES THREE DIAMONDS EIGHT,0.4322,0.0616,0.5062
CLUBS TEN CLUBS FOUR,0.3984,0.024,0.5776
SPADES ACE SPADES NINE,0.3472,0.0042,0.6486
SPADES EIGHT SPADES SIX,0.2426,0.1376,0.6198
CLUBS KING DIAMONDS SIX,0.268,0.0366,0.6954
SPADES QUEEN HEARTS QUEEN,0.1776,0.036,0.7864
HEARTS KING DIAMONDS SEVEN,0.3628,0.0064,0.6308
CLUBS NINE DIAMONDS ACE,0.359,0.0046,0.6364
DIAMONDS JACK DIAMONDS NINE,0.352,0.0144,0.6336
HEARTS ACE DIAMONDS EIGHT,0.3548,0.0062,0.639
CLUBS FIVE DIAMONDS EIGHT,0.2536,0.148,0.5984
SPADES NINE HEARTS TEN,0.3532,0.0226,0.6242
CLUBS TWO HEARTS ACE,0.4152,0.0048,0.58
CLUBS SIX HEARTS QUEEN,0.2822,0.0508,0.667
HEARTS NINE DIAMONDS FOUR,0.436,0.0402,0.5238
HEARTS TWO SPADES TWO,0.3798,0.1188,0.5014
CLUBS TWO DIAMONDS TEN,0.4334,0.0254,0.5412
CLUBS TEN DIAMONDS TWO,0.431,0.0284,0.5406
SPADES JACK DIAMONDS EIGHT,0.3626,0.0168,0.6206
HEARTS KING HEARTS NINE,0.3582,0.0076,0.6342
HEARTS TEN DIAMONDS FOUR,0.41,0.0286,0.5614
DIAMONDS TWO SPADES FOUR,0.5484,0.1516,0.3
SPADES NINE SPADES EIGHT,0.3384,0.037,0.6246
SPADES TEN HEARTS KING,0.3638,0.0064,0.6298
HEARTS ACE CLUBS KING,0.3696,0.0048,0.6256
CLUBS FOUR DIAMONDS EIGHT,0.3948,0.0712,0.534
CLUBS SEVEN DIAMONDS TEN,0.3628,0.025,0.6122
HEARTS FOUR CLUBS FOUR,0.359,0.1214,0.5196
HEARTS EIGHT DIAMONDS SEVEN,0.3234,0.059,0.6176
CLUBS SIX CLUBS KING,0.2736,0.0326,0.6938
DIAMONDS QUEEN DIAMONDS FOUR,0.41,0.013,0.577
HEARTS TWO CLUBS KING,0.4428,0.0072,0.55
SPADES SIX DIAMONDS QUEEN,0.2826,0.0506,0.6668
CLUBS THREE SPADES FIVE,0.494,0.26,0.246
DIAMONDS THREE DIAMONDS ACE,0.389,0.0058,0.6052
DIAMONDS KING DIAMONDS SIX,0.2692,0.0362,0.6946
SPADES SEVEN CLUBS THREE,0.413,0.0976,0.4894
SPADES TEN SPADES SIX,0.2448,0.0794,0.6758
CLUBS EIGHT CLUBS ACE,0.3442,0.0058,0.65
SPADES TEN HEARTS ACE,0.3554,0.0052,0.6394
CLUBS TEN DIAMONDS FOUR,0.4112,0.0304,0.5584
CLUBS EIGHT SPADES TWO,0.4372,0.0658,0.497
HEARTS EIGHT SPADES EIGHT,0.1632,0.0858,0.751
SPADES SIX CLUBS QUEEN,0.283,0.0492,0.6678
SPADES SEVEN DIAMONDS TEN,0.3664,0.0286,0.605
CLUBS JACK HEARTS THREE,0.432,0.0188,0.5492
CLUBS JACK CLUBS EIGHT,0.3446,0.0182,0.6372
CLUBS THREE SPADES THREE,0.3748,0.1328,0.4924
HEARTS THREE DIAMONDS TEN,0.4222,0.0316,0.5462
SPADES TEN CLUBS TWO,0.4276,0.0248,0.5476
HEARTS FOUR HEARTS THREE,0.5024,0.1444,0.3532
CLUBS JACK SPADES THREE,0.4156,0.0198,0.5646
SPADES TWO DIAMONDS EIGHT,0.4264,0.0626,0.511
SPADES JACK SPADES EIGHT,0.348,0.013,0.639
CLUBS EIGHT CLUBS FIVE,0.2554,0.1378,0.6068
HEARTS SEVEN HEARTS TEN,0.3438,0.0282,0.628
DIAMONDS NINE HEARTS QUEEN,0.3518,0.0102,0.638
SPADES FOUR HEARTS JACK,0.4172,0.0208,0.562
CLUBS TEN CLUBS THREE,0.3944,0.0288,0.5768
DIAMONDS TWO CLUBS QUEEN,0.4218,0.0136,0.5646
SPADES NINE SPADES TWO,0.4022,0.047,0.5508
HEARTS SEVEN HEARTS JACK,0.3602,0.0202,0.6196
CLUBS JACK HEARTS NINE,0.3616,0.0184,0.62
HEARTS QUEEN DIAMONDS EIGHT,0.3792,0.0142,0.6066
SPADES KING CLUBS QUEEN,0.3672,0.0042,0.6286
SPADES SIX HEARTS TEN,0.273,0.0782,0.6488
CLUBS FIVE HEARTS JACK,0.2848,0.057,0.6582
CLUBS SIX SPADES EIGHT,0.249,0.1416,0.6094
SPADES THREE DIAMONDS FOUR,0.5398,0.1544,0.3058
SPADES NINE SPADES THREE,0.3936,0.0398,0.5666
HEARTS SEVEN CLUBS EIGHT,0.3374,0.0624,0.6002
DIAMONDS TWO CLUBS TWO,0.3818,0.1246,0.4936
SPADES NINE DIAMONDS EIGHT,0.3454,0.039,0.6156
HEARTS FOUR DIAMONDS SIX,0.3128,0.4728,0.2144
SPADES TEN DIAMONDS EIGHT,0.3398,0.0268,0.6334
CLUBS SIX HEARTS TEN,0.2556,0.0806,0.6638
CLUBS TEN DIAMONDS KING,0.3592,0.0066,0.6342
HEARTS EIGHT DIAMONDS TEN,0.3442,0.027,0.6288
SPADES TEN HEARTS JACK,0.3422,0.014,0.6438
HEARTS JACK CLUBS KING,0.3674,0.0062,0.6264
DIAMONDS KING DIAMONDS NINE,0.359,0.0072,0.6338
HEARTS EIGHT CLUBS TEN,0.3628,0.028,0.6092
DIAMONDS ACE HEARTS QUEEN,0.3688,0.0058,0.6254
HEARTS SEVEN HEARTS KING,0.3578,0.007,0.6352
CLUBS FIVE DIAMONDS KING,0.2924,0.0308,0.6768
SPADES ACE DIAMONDS KING,0.3772,0.004,0.6188
SPADES FOUR DIAMONDS SEVEN,0.4026,0.1028,0.4946
HEARTS TWO SPADES FOUR,0.5432,0.1594,0.2974
DIAMONDS QUEEN DIAMONDS NINE,0.3524,0.0106,0.637
HEARTS FOUR SPADES TEN,0.428,0.0252,0.5468
SPADES KING CLUBS FOUR,0.4164,0.0078,0.5758
DIAMONDS TWO HEARTS NINE,0.4368,0.0398,0.5234
HEARTS FOUR CLUBS SEVEN,0.4046,0.1,0.4954
SPADES QUEEN CLUBS THREE,0.4316,0.0116,0.5568
DIAMONDS KING SPADES FIVE,0.2754,0.0332,0.6914
CLUBS SIX SPADES SIX,0.1272,0.11,0.7628
SPADES FOUR SPADES TWO,0.489,0.148,0.363
SPADES KING CLUBS SIX,0.2872,0.0342,0.6786
CLUBS SEVEN CLUBS TWO,0.4082,0.1008,0.491
SPADES TEN SPADES SEVEN,0.3386,0.024,0.6374
CLUBS EIGHT SPADES SEVEN,0.3502,0.0576,0.5922
SPADES KING SPADES FIVE,0.264,0.0304,0.7056
SPADES SEVEN SPADES FIVE,0.2344,0.1842,0.5814
DIAMONDS ACE CLUBS FOUR,0.4038,0.0058,0.5904
HEARTS FOUR HEARTS KING,0.3956,0.0096,0.5948
HEARTS FIVE CLUBS SEVEN,0.2508,0.2062,0.543
HEARTS SEVEN CLUBS TWO,0.415,0.112,0.473
CLUBS NINE SPADES THREE,0.424,0.0428,0.5332
SPADES FIVE DIAMONDS NINE,0.2708,0.0988,0.6304
SPADES KING HEARTS THREE,0.4298,0.0082,0.562
DIAMONDS THREE CLUBS FOUR,0.528,0.155,0.317
SPADES ACE HEARTS FOUR,0.4172,0.006,0.5768
DIAMONDS JACK CLUBS ACE,0.3568,0.0042,0.639
SPADES SIX DIAMONDS FOUR,0.33,0.4686,0.2014
CLUBS FOUR HEARTS JACK,0.4178,0.0198,0.5624
HEARTS EIGHT DIAMONDS NINE,0.3318,0.0406,0.6276
HEARTS EIGHT SPADES TEN,0.3598,0.0236,0.6166
HEARTS FIVE DIAMONDS EIGHT,0.2428,0.1518,0.6054
DIAMONDS THREE DIAMONDS SIX,0.328,0.4312,0.2408
CLUBS TEN CLUBS FIVE,0.2728,0.0758,0.6514
DIAMONDS KING DIAMONDS JACK,0.3662,0.0082,0.6256
CLUBS FIVE CLUBS KING,0.2728,0.033,0.6942
HEARTS EIGHT DIAMONDS ACE,0.3616,0.0038,0.6346
HEARTS FOUR CLUBS KING,0.4342,0.0064,0.5594
SPADES SIX CLUBS TWO,0.3502,0.4354,0.2144
DIAMONDS SIX CLUBS QUEEN,0.287,0.0478,0.6652
DIAMONDS THREE SPADES NINE,0.4228,0.0482,0.529
HEARTS SEVEN CLUBS THREE,0.411,0.102,0.487
CLUBS TWO CLUBS ACE,0.3946,0.0056,0.5998
HEARTS EIGHT DIAMONDS JACK,0.3524,0.0192,0.6284
DIAMONDS TWO HEARTS THREE,0.5326,0.15,0.3174
CLUBS JACK DIAMONDS KING,0.3684,0.0066,0.625
HEARTS TWO DIAMONDS JACK,0.4422,0.017,0.5408
SPADES QUEEN DIAMONDS KING,0.3722,0.007,0.6208
CLUBS QUEEN DIAMONDS FOUR,0.4228,0.0126,0.5646
CLUBS TEN DIAMONDS QUEEN,0.3688,0.012,0.6192
SPADES JACK HEARTS NINE,0.3528,0.0134,0.6338
HEARTS FOUR SPADES SIX,0.333,0.4578,0.2092
DIAMONDS NINE CLUBS QUEEN,0.379,0.0104,0.6106
CLUBS NINE HEARTS FIVE,0.2844,0.1082,0.6074
HEARTS THREE SPADES NINE,0.4442,0.042,0.5138
DIAMONDS ACE SPADES FIVE,0.2634,0.0222,0.7144
SPADES KING CLUBS TEN,0.3748,0.0054,0.6198
HEARTS FOUR CLUBS SIX,0.3148,0.4788,0.2064
DIAMONDS TWO DIAMONDS NINE,0.42,0.0396,0.5404
HEARTS FOUR DIAMONDS NINE,0.4274,0.0434,0.5292
CLUBS TEN SPADES THREE,0.438,0.0328,0.5292
SPADES THREE DIAMONDS SEVEN,0.4134,0.1072,0.4794
HEARTS FIVE DIAMONDS JACK,0.2668,0.0698,0.6634
SPADES JACK DIAMONDS QUEEN,0.3588,0.0064,0.6348
DIAMONDS THREE SPADES KING,0.4374,0.008,0.5546
DIAMONDS TWO SPADES NINE,0.441,0.0422,0.5168
DIAMONDS ACE DIAMONDS TEN,0.3588,0.0048,0.6364
HEARTS ACE CLUBS ACE,0.1786,0.005,0.8164
CLUBS TWO SPADES FOUR,0.5282,0.157,0.3148
SPADES NINE SPADES FIVE,0.26,0.1002,0.6398
DIAMONDS TWO DIAMONDS SIX,0.3288,0.4256,0.2456
CLUBS SIX CLUBS ACE,0.2568,0.0256,0.7176
SPADES NINE DIAMONDS SEVEN,0.3484,0.044,0.6076
SPADES SEVEN HEARTS TEN,0.3678,0.0292,0.603
CLUBS FOUR DIAMONDS TEN,0.418,0.032,0.55
SPADES SIX CLUBS KING,0.2758,0.0344,0.6898
DIAMONDS QUEEN HEARTS NINE,0.3624,0.0112,0.6264
DIAMONDS JACK DIAMONDS SIX,0.2786,0.0592,0.6622
CLUBS NINE DIAMONDS EIGHT,0.3508,0.036,0.6132
HEARTS EIGHT DIAMONDS THREE,0.433,0.0712,0.4958
DIAMONDS SEVEN CLUBS QUEEN,0.3796,0.0114,0.609
DIAMONDS ACE CLUBS ACE,0.1848,0.0044,0.8108
HEARTS EIGHT HEARTS KING,0.3684,0.0086,0.623
SPADES TEN DIAMONDS ACE,0.3618,0.0046,0.6336
CLUBS THREE CLUBS QUEEN,0.3914,0.0142,0.5944
DIAMONDS NINE SPADES TWO,0.4402,0.0426,0.5172
SPADES QUEEN CLUBS FIVE,0.2842,0.045,0.6708
SPADES SEVEN HEARTS JACK,0.3644,0.0172,0.6184
DIAMONDS JACK SPADES FOUR,0.4216,0.0202,0.5582
SPADES ACE CLUBS JACK,0.3776,0.0048,0.6176
SPADES KING DIAMONDS FOUR,0.4212,0.008,0.5708
CLUBS FIVE CLUBS ACE,0.26,0.0212,0.7188
CLUBS EIGHT DIAMONDS EIGHT,0.1634,0.0922,0.7444
SPADES JACK SPADES THREE,0.392,0.0202,0.5878
HEARTS EIGHT HEARTS TWO,0.4166,0.0662,0.5172
SPADES TEN CLUBS FOUR,0.409,0.0286,0.5624
CLUBS TWO CLUBS QUEEN,0.406,0.0124,0.5816
HEARTS EIGHT SPADES SEVEN,0.3396,0.062,0.5984
HEARTS FIVE SPADES SEVEN,0.2428,0.1988,0.5584
CLUBS FIVE SPADES TWO,0.495,0.265,0.24
DIAMONDS QUEEN HEARTS KING,0.357,0.0082,0.6348
DIAMONDS TWO HEARTS TEN,0.432,0.0302,0.5378
SPADES SEVEN DIAMONDS QUEEN,0.3712,0.0112,0.6176
HEARTS JACK HEARTS NINE,0.3552,0.0148,0.63
DIAMONDS THREE DIAMONDS NINE,0.404,0.0418,0.5542
SPADES ACE SPADES KING,0.3486,0.0048,0.6466
SPADES QUEEN CLUBS ACE,0.376,0.0034,0.6206
SPADES JACK DIAMONDS TEN,0.3408,0.0156,0.6436
CLUBS EIGHT SPADES SIX,0.2576,0.1482,0.5942
HEARTS KING HEARTS TEN,0.3426,0.0074,0.65
CLUBS SEVEN DIAMONDS FOUR,0.393,0.1088,0.4982
SPADES JACK HEARTS TWO,0.4248,0.018,0.5572
HEARTS KING SPADES TWO,0.4268,0.0122,0.561
HEARTS FIVE CLUBS THREE,0.4774,0.2772,0.2454
SPADES THREE DIAMONDS SIX,0.3246,0.4604,0.215
CLUBS NINE DIAMONDS SEVEN,0.3494,0.0422,0.6084
SPADES ACE CLUBS ACE,0.1892,0.003,0.8078
SPADES NINE DIAMONDS KING,0.3652,0.0092,0.6256
SPADES THREE CLUBS KING,0.4292,0.0088,0.562
CLUBS THREE HEARTS ACE,0.4078,0.006,0.5862
HEARTS THREE SPADES SEVEN,0.4238,0.1034,0.4728
DIAMONDS EIGHT DIAMONDS FOUR,0.3922,0.061,0.5468
DIAMONDS ACE HEARTS JACK,0.3686,0.0048,0.6266
HEARTS FOUR SPADES FOUR,0.357,0.1262,0.5168
CLUBS FIVE DIAMONDS FOUR,0.4732,0.2838,0.243
SPADES TEN DIAMONDS QUEEN,0.3624,0.0102,0.6274
SPADES KING CLUBS THREE,0.4252,0.0102,0.5646
SPADES FOUR HEARTS KING,0.419,0.011,0.57
HEARTS TWO DIAMONDS EIGHT,0.4328,0.071,0.4962
SPADES TEN CLUBS KING,0.374,0.0062,0.6198
CLUBS SIX HEARTS KING,0.2898,0.038,0.6722
SPADES TEN DIAMONDS FOUR,0.4178,0.0288,0.5534
CLUBS TWO SPADES THREE,0.5412,0.1474,0.3114
SPADES FIVE HEARTS KING,0.2894,0.0314,0.6792
HEARTS FOUR HEARTS NINE,0.3902,0.0418,0.568
DIAMONDS TEN HEARTS KING,0.3696,0.0086,0.6218
HEARTS THREE CLUBS FOUR,0.534,0.1598,0.3062
DIAMONDS ACE SPADES SIX,0.2792,0.025,0.6958
CLUBS SEVEN SPADES NINE,0.3514,0.0414,0.6072
DIAMONDS ACE HEARTS KING,0.3682,0.0044,0.6274
SPADES NINE DIAMONDS NINE,0.1692,0.0774,0.7534
CLUBS TEN CLUBS QUEEN,0.343,0.0094,0.6476
SPADES EIGHT CLUBS FOUR,0.4144,0.0686,0.517
HEARTS EIGHT DIAMONDS SIX,0.2442,0.1494,0.6064
SPADES FOUR DIAMONDS TEN,0.4146,0.0308,0.5546
HEARTS FIVE HEARTS FOUR,0.4636,0.2606,0.2758
SPADES EIGHT HEARTS KING,0.375,0.0114,0.6136
CLUBS ACE CLUBS KING,0.346,0.0052,0.6488
CLUBS SIX DIAMONDS SEVEN,0.2422,0.1926,0.5652
SPADES SEVEN DIAMONDS FOUR,0.403,0.1012,0.4958
HEARTS QUEEN CLUBS ACE,0.3698,0.0044,0.6258
SPADES TEN CLUBS THREE,0.4246,0.0282,0.5472
CLUBS SEVEN CLUBS FOUR,0.3736,0.0988,0.5276
SPADES QUEEN SPADES TWO,0.3904,0.0118,0.5978
CLUBS JACK HEARTS KING,0.364,0.0046,0.6314
SPADES ACE DIAMONDS JACK,0.3648,0.0036,0.6316
CLUBS FOUR CLUBS THREE,0.51,0.141,0.349
CLUBS TWO HEARTS JACK,0.435,0.02,0.545
CLUBS TWO HEARTS TEN,0.4164,0.0278,0.5558
SPADES QUEEN DIAMONDS TEN,0.3688,0.0066,0.6246
CLUBS NINE DIAMONDS NINE,0.1706,0.0816,0.7478
DIAMONDS TEN DIAMONDS SIX,0.2592,0.083,0.6578
SPADES FIVE CLUBS ACE,0.27,0.0208,0.7092
HEARTS EIGHT CLUBS KING,0.3774,0.009,0.6136
CLUBS NINE SPADES FIVE,0.2856,0.1018,0.6126
HEARTS TWO CLUBS TWO,0.3714,0.1298,0.4988
DIAMONDS QUEEN DIAMONDS TEN,0.339,0.011,0.65
DIAMONDS SEVEN DIAMONDS SIX,0.2346,0.1912,0.5742
HEARTS FOUR CLUBS QUEEN,0.4276,0.0132,0.5592
CLUBS EIGHT HEARTS THREE,0.4204,0.0704,0.5092
SPADES QUEEN DIAMONDS SIX,0.2852,0.0454,0.6694
SPADES QUEEN SPADES NINE,0.3472,0.01,0.6428
SPADES QUEEN DIAMONDS NINE,0.382,0.0098,0.6082
DIAMONDS KING CLUBS QUEEN,0.3718,0.0066,0.6216
SPADES KING HEARTS FOUR,0.4214,0.0082,0.5704
CLUBS SIX SPADES FOUR,0.3242,0.4634,0.2124
HEARTS FOUR CLUBS FIVE,0.4892,0.2676,0.2432
DIAMONDS THREE SPADES FOUR,0.5386,0.149,0.3124
SPADES NINE HEARTS JACK,0.3464,0.0184,0.6352
SPADES KING DIAMONDS JACK,0.3716,0.0076,0.6208
CLUBS TEN HEARTS THREE,0.4426,0.0306,0.5268
CLUBS FIVE DIAMONDS QUEEN,0.2806,0.0404,0.679
HEARTS JACK DIAMONDS SIX,0.2802,0.06,0.6598
HEARTS FOUR SPADES THREE,0.532,0.1506,0.3174
HEARTS SEVEN CLUBS ACE,0.3828,0.0052,0.612
CLUBS JACK CLUBS QUEEN,0.3428,0.0092,0.648
HEARTS SEVEN DIAMONDS TWO,0.4298,0.1048,0.4654
SPADES NINE SPADES SIX,0.2614,0.1042,0.6344
CLUBS TEN HEARTS QUEEN,0.3504,0.013,0.6366
SPADES TEN HEARTS THREE,0.4292,0.0302,0.5406
HEARTS TWO DIAMONDS SIX,0.3422,0.454,0.2038
DIAMONDS NINE DIAMONDS SEVEN,0.3276,0.0394,0.633
HEARTS THREE HEARTS TWO,0.5112,0.1472,0.3416
CLUBS EIGHT SPADES THREE,0.4308,0.0722,0.497
CLUBS EIGHT HEARTS TWO,0.4342,0.0706,0.4952
DIAMONDS JACK HEARTS QUEEN,0.3684,0.0102,0.6214
CLUBS NINE SPADES NINE,0.1852,0.0738,0.741
DIAMONDS NINE HEARTS NINE,0.1802,0.0698,0.75
DIAMONDS THREE CLUBS ACE,0.4212,0.0044,0.5744
CLUBS NINE CLUBS FOUR,0.399,0.0428,0.5582
HEARTS TWO DIAMONDS QUEEN,0.4326,0.0128,0.5546
CLUBS THREE HEARTS QUEEN,0.4178,0.0132,0.569
CLUBS JACK CLUBS TWO,0.4024,0.0182,0.5794
HEARTS FIVE SPADES FIVE,0.2828,0.1098,0.6074
SPADES ACE HEARTS FIVE,0.265,0.0224,0.7126
HEARTS FOUR DIAMONDS FOUR,0.3726,0.1334,0.494
HEARTS FIVE CLUBS KING,0.2872,0.032,0.6808
DIAMONDS TEN DIAMONDS SEVEN,0.3444,0.026,0.6296
HEARTS THREE DIAMONDS KING,0.4356,0.008,0.5564
HEARTS FOUR SPADES SEVEN,0.4064,0.1016,0.492
DIAMONDS ACE SPADES TWO,0.4208,0.0052,0.574
DIAMONDS THREE DIAMONDS KING,0.4084,0.0094,0.5822
HEARTS EIGHT HEARTS FIVE,0.2454,0.144,0.6106
CLUBS THREE SPADES FOUR,0.5174,0.1466,0.336
CLUBS TEN CLUBS NINE,0.324,0.0244,0.6516
HEARTS FOUR DIAMONDS JACK,0.4314,0.0212,0.5474
DIAMONDS ACE SPADES FOUR,0.3992,0.0056,0.5952
DIAMONDS JACK DIAMONDS FOUR,0.3968,0.0226,0.5806
DIAMONDS TWO HEARTS FIVE,0.4984,0.2744,0.2272
SPADES EIGHT DIAMONDS SIX,0.254,0.1448,0.6012
CLUBS NINE HEARTS KING,0.367,0.006,0.627
CLUBS SEVEN CLUBS THREE,0.4048,0.0836,0.5116
CLUBS THREE HEARTS NINE,0.4294,0.0416,0.529
DIAMONDS QUEEN CLUBS KING,0.3696,0.005,0.6254
SPADES ACE HEARTS TEN,0.3648,0.0042,0.631
HEARTS TWO CLUBS QUEEN,0.4384,0.0132,0.5484
HEARTS THREE DIAMONDS NINE,0.4152,0.047,0.5378
SPADES EIGHT DIAMONDS QUEEN,0.3704,0.0144,0.6152
SPADES KING CLUBS SEVEN,0.3728,0.0102,0.617
DIAMONDS THREE CLUBS THREE,0.3766,0.1322,0.4912
DIAMONDS ACE DIAMONDS FOUR,0.3832,0.005,0.6118
CLUBS NINE SPADES JACK,0.3698,0.0132,0.617
CLUBS JACK HEARTS ACE,0.3584,0.0052,0.6364
SPADES JACK CLUBS TWO,0.4338,0.016,0.5502
CLUBS EIGHT CLUBS SIX,0.2472,0.1486,0.6042
SPADES ACE SPADES FOUR,0.3856,0.0022,0.6122
SPADES KING SPADES NINE,0.3458,0.0048,0.6494
HEARTS QUEEN CLUBS QUEEN,0.1916,0.035,0.7734
SPADES EIGHT CLUBS ACE,0.3612,0.0034,0.6354
DIAMONDS THREE CLUBS EIGHT,0.4364,0.0658,0.4978
CLUBS KING HEARTS NINE,0.362,0.0086,0.6294
CLUBS NINE HEARTS NINE,0.1768,0.0776,0.7456
DIAMONDS THREE CLUBS SIX,0.3388,0.4442,0.217
SPADES KING CLUBS EIGHT,0.3818,0.0062,0.612
SPADES TEN CLUBS ACE,0.3706,0.0034,0.626
CLUBS EIGHT CLUBS TWO,0.4088,0.0586,0.5326
SPADES EIGHT DIAMONDS KING,0.3828,0.0064,0.6108
DIAMONDS TWO CLUBS SIX,0.3446,0.4432,0.2122
DIAMONDS THREE HEARTS SEVEN,0.4148,0.1078,0.4774
DIAMONDS THREE CLUBS TEN,0.4312,0.034,0.5348
SPADES TWO DIAMONDS SEVEN,0.4384,0.105,0.4566
CLUBS JACK HEARTS EIGHT,0.3494,0.0156,0.635
HEARTS THREE SPADES FOUR,0.5162,0.1624,0.3214
DIAMONDS THREE DIAMONDS TEN,0.402,0.0286,0.5694
SPADES ACE HEARTS KING,0.3676,0.0056,0.6268
HEARTS EIGHT SPADES NINE,0.3542,0.0358,0.61
CLUBS NINE DIAMONDS KING,0.3782,0.0078,0.614
HEARTS THREE CLUBS QUEEN,0.4274,0.0142,0.5584
SPADES FOUR DIAMONDS NINE,0.425,0.0434,0.5316
CLUBS TEN DIAMONDS JACK,0.3424,0.012,0.6456
HEARTS KING CLUBS QUEEN,0.359,0.0078,0.6332
